Laughton Mabbe,lmabbe0@nydailynews.com,886697475
Alexis Peascod,apeascod1@netlog.com,881166948
Regina Cranny,rcranny2@washington.edu,815903929
Catherine Trelevan,ctrelevan3@deliciousdays.com,829770405
Gaelan Peniman,gpeniman4@nytimes.com,861112804
Blake Rosborough,brosborough5@wunderground.com,864381417
Lacee Crecy,lcrecy6@yellowbook.com,887262819
Shana Boak,sboak7@discovery.com,857158533
Conney Hubeaux,chubeaux8@51.la,885331631
Sandra Giovanitti,sgiovanitti9@engadget.com,869070727
Cindra Cordobes,ccordobesa@indiatimes.com,849886202
Dew Beddo,dbeddob@lulu.com,892460667
Stavro Klimt,sklimtc@wsj.com,863463243
Britt Ivasechko,bivasechkod@businessinsider.com,801696837
Morrie Strathern,mstratherne@independent.co.uk,829210441
Dacia Elverston,delverstonf@nature.com,875931306
Leta Hayle,lhayleg@wikimedia.org,853778871
Nigel Uzzell,nuzzellh@kickstarter.com,887680439
Sue Mines,sminesi@dropbox.com,866154694
Dannie Gruszka,dgruszkaj@istockphoto.com,859068332
Odella Churchlow,ochurchlowk@cisco.com,823882797
April Lyttle,alyttlel@unicef.org,877209598
Christan Sirey,csireym@springer.com,896832610
Tally Feldmann,tfeldmannn@php.net,817001711
Eal Wyllcock,ewyllcocko@va.gov,815094892
Wayland Veeler,wveelerp@gizmodo.com,892710099
Lauralee Aronin,laroninq@hhs.gov,883535128
Read Vsanelli,rvsanellir@cisco.com,881794682
Janenna Goly,jgolys@devhub.com,802792644
Margo Chalfain,mchalfaint@boston.com,893015410
Matilda Broxis,mbroxisu@yelp.com,801818246
Myrwyn Doleman,mdolemanv@sina.com.cn,887046231
Doreen Botte,dbottew@hc360.com,854831978
Myrtia Giacomo,mgiacomox@quantcast.com,846268310
Cozmo Druitt,cdruitty@addthis.com,818672287
Niven Dewitt,ndewittz@sakura.ne.jp,859217730
Gustave Derry,gderry10@163.com,823347743
Everett Ganforth,eganforth11@ihg.com,811835541
Eben Rasell,erasell12@nih.gov,835513258
Nikoletta Gracey,ngracey13@go.com,819491493
Kirk Strippling,kstrippling14@adobe.com,811015639
Susannah Barehead,sbarehead15@gov.uk,841692633
Mace Tebbe,mtebbe16@webeden.co.uk,852555783
Dorelle Cradduck,dcradduck17@wunderground.com,886193031
Cecilius Clutterbuck,cclutterbuck18@livejournal.com,825399372
Daffi Bourner,dbourner19@washington.edu,884102070
Lisetta Stebles,lstebles1a@blogtalkradio.com,894281925
Alfie Epsly,aepsly1b@hao123.com,837730963
Anabelle Costelow,acostelow1c@163.com,845861634
Red Sellers,rsellers1d@businesswire.com,847590506
Shae Maggs,smaggs1e@theglobeandmail.com,873913380
Fabio Byrkmyr,fbyrkmyr1f@imageshack.us,874712460
Putnam Cutill,pcutill1g@lulu.com,823091503
Selestina Massard,smassard1h@dyndns.org,889117433
Reinald Spaducci,rspaducci1i@edublogs.org,851475419
Frasco Caudrey,fcaudrey1j@umn.edu,887257866
Carita Gosdin,cgosdin1k@adobe.com,876337616
Budd Mocker,bmocker1l@prweb.com,847829274
Dido Reames,dreames1m@jalbum.net,819187946
Yolanthe O'Carroll,yocarroll1n@ning.com,836735788
Toinette Dartnall,tdartnall1o@geocities.jp,868046571
Corly Trenbay,ctrenbay1p@4shared.com,879982566
Tobias Le - Count,tle1q@google.com,857111362
Rockwell Tunmore,rtunmore1r@mapy.cz,834913687
Dru Wrist,dwrist1s@ehow.com,855245525
Winnie Eckery,weckery1t@macromedia.com,894247449
Cynthea Gowar,cgowar1u@xinhuanet.com,810112266
Meg McTurlough,mmcturlough1v@cdbaby.com,830710165
Wain Chitson,wchitson1w@mac.com,828636157
Wren Frid,wfrid1x@ox.ac.uk,884129369
Randolf Zuenelli,rzuenelli1y@nifty.com,853898563
Xylina Daish,xdaish1z@macromedia.com,807821276
Rosy Bream,rbream20@skype.com,868683161
Ursulina Joontjes,ujoontjes21@domainmarket.com,873123114
Dosi Jakolevitch,djakolevitch22@opera.com,888603848
Sybila Zum Felde,szum23@dot.gov,874600164
Tonia Errigo,terrigo24@taobao.com,819046603
Marve Barraclough,mbarraclough25@upenn.edu,875128803
Trina Lenahan,tlenahan26@slideshare.net,879117589
Papagena Standon,pstandon27@zdnet.com,847456359
Pavlov Melpuss,pmelpuss28@tiny.cc,898625894
Dur Benedek,dbenedek29@usda.gov,809828663
Brigida Orpin,borpin2a@google.ru,824260789
Juline Cherrett,jcherrett2b@tiny.cc,880954167
Emeline O'Siaghail,eosiaghail2c@smugmug.com,877498628
Henriette Maudlin,hmaudlin2d@e-recht24.de,831240868
Phaedra Kinman,pkinman2e@webmd.com,877628216
Kirstyn Connock,kconnock2f@goo.ne.jp,854289025
Ian Brooksbank,ibrooksbank2g@ucla.edu,863506412
Linn Claye,lclaye2h@google.com.au,804317326
Merrill Talboy,mtalboy2i@google.ca,861218074
Devland Diego,ddiego2j@oracle.com,831699802
Brandon Kenningham,bkenningham2k@amazon.de,896753330
Brittne Ordidge,bordidge2l@bing.com,825166268
Ebony Surmon,esurmon2m@upenn.edu,862405731
Duky Philpot,dphilpot2n@opensource.org,802942790
Gabriel Boughtwood,gboughtwood2o@yelp.com,829647958
Hube Hume,hhume2p@last.fm,862665932
Goldia Molan,gmolan2q@forbes.com,844516751
Madel Gynni,mgynni2r@independent.co.uk,862706508
